{"3": 0.0431361198425293, "4": 0.10008049011230469, "5": 0.6231720447540283}